Source,Target,RelationType,RelationStartYear,RelationEndYear,Experience
per_002,per_002,4,99,99,99
per_002,per_003,4,99,99,99
per_002,per_004,4,99,99,99
per_002,per_005,4,99,99,99
per_002,per_006,4,99,99,99
per_037,per_006,4,99,99,99
per_002,per_007,4,99,99,99
per_002,per_008,4,99,99,99
per_002,per_009,4,99,99,99
per_002,per_010,4,99,99,99
per_002,per_011,4,99,99,99
per_002,per_012,4,99,99,99
per_002,per_013,4,99,99,99
per_045,per_014,4,99,99,99
per_002,per_015,4,99,99,99
per_002,per_016,4,99,99,99
per_002,per_017,4,99,99,99
per_002,per_018,4,99,99,99
per_002,per_019,4,99,99,99
per_002,per_020,4,99,99,99
per_002,per_021,4,99,99,99
per_002,per_022,4,99,99,99
per_002,per_023,4,99,99,99
per_002,per_024,4,99,99,99
per_002,per_025,4,99,99,99
per_080,per_025,4,99,99,99
per_068,per_025,4,99,99,99
per_045,per_026,4,99,99,99
per_031,per_026,4,99,99,99
per_027,per_029,4,99,99,99
per_079,per_029,4,99,99,99
per_027,per_030,4,99,99,99
per_027,per_031,4,99,99,99
per_045,per_031,4,99,99,99
per_037,per_031,4,99,99,99
per_027,per_032,4,99,99,99
per_027,per_033,4,99,99,99
per_027,per_034,4,99,99,99
per_079,per_034,4,99,99,99
per_028,per_035,4,99,99,99
per_079,per_035,4,99,99,99
per_028,per_036,4,99,99,99
per_080,per_037,4,99,99,99
per_028,per_038,4,99,99,99
per_027,per_039,4,99,99,99
per_031,per_039,4,99,99,99
per_068,per_039,4,99,99,99
per_027,per_040,4,99,99,99
per_028,per_041,4,99,99,99
per_028,per_042,4,99,99,99
per_026,per_043,4,99,99,99
per_027,per_044,4,99,99,99
per_037,per_045,4,99,99,99
per_031,per_045,4,99,99,99
per_068,per_045,4,99,99,99
per_045,per_046,4,99,99,99
per_045,per_047,4,99,99,99
per_045,per_048,4,99,99,99
per_037,per_049,4,99,99,99
per_045,per_050,4,99,99,99
per_045,per_051,4,99,99,99
per_080,per_051,4,99,99,99
per_031,per_051,4,99,99,99
per_045,per_052,4,99,99,99
per_045,per_053,4,99,99,99
per_079,per_053,4,99,99,99
per_031,per_053,4,99,99,99
per_045,per_054,4,99,99,99
per_045,per_055,4,99,99,99
per_080,per_055,4,99,99,99
per_031,per_055,4,99,99,99
per_079,per_056,4,99,99,99
per_045,per_057,4,99,99,99
per_045,per_058,4,99,99,99
per_031,per_058,4,99,99,99
per_045,per_059,4,99,99,99
per_045,per_060,4,99,99,99
per_045,per_061,4,99,99,99
per_045,per_062,4,99,99,99
per_045,per_063,4,99,99,99
per_045,per_064,4,99,99,99
per_045,per_065,4,99,99,99
per_045,per_066,4,99,99,99
per_045,per_067,4,99,99,99
per_045,per_068,4,99,99,99
per_115,per_068,4,99,99,99
per_045,per_069,4,99,99,99
per_045,per_070,4,99,99,99
per_045,per_071,4,99,99,99
per_045,per_072,4,99,99,99
per_037,per_073,4,99,99,99
per_037,per_074,4,99,99,99
per_037,per_075,4,99,99,99
per_037,per_076,4,99,99,99
per_037,per_077,4,99,99,99
per_037,per_078,4,99,99,99
per_080,per_081,4,99,99,99
per_080,per_082,4,99,99,99
per_080,per_083,4,99,99,99
per_080,per_084,4,99,99,99
per_080,per_085,4,99,99,99
per_080,per_086,4,99,99,99
per_080,per_087,4,99,99,99
per_080,per_088,4,99,99,99
per_080,per_089,4,99,99,99
per_080,per_090,4,99,99,99
per_080,per_091,4,99,99,99
per_080,per_092,4,99,99,99
per_031,per_093,4,99,99,99
per_031,per_094,4,99,99,99
per_031,per_095,4,99,99,99
per_031,per_096,4,99,99,99
per_031,per_097,4,99,99,99
per_031,per_098,4,99,99,99
per_115,per_098,4,99,99,99
per_068,per_098,4,99,99,99
per_031,per_099,4,99,99,99
per_068,per_099,4,99,99,99
per_031,per_100,4,99,99,99
per_031,per_101,4,99,99,99
per_102,per_103,4,99,99,99
per_102,per_104,4,99,99,99
per_102,per_105,4,99,99,99
per_102,per_106,4,99,99,99
per_102,per_107,4,99,99,99
per_102,per_108,4,99,99,99
per_102,per_109,4,99,99,99
per_115,per_110,4,99,99,99
per_110,per_111,4,99,99,99
per_110,per_112,4,99,99,99
per_110,per_113,4,99,99,99
per_110,per_114,4,99,99,99
per_110,per_115,4,99,99,99
per_068,per_115,4,99,99,99
per_110,per_116,4,99,99,99
per_115,per_117,4,99,99,99
per_115,per_118,4,99,99,99
per_115,per_119,4,99,99,99
per_115,per_120,4,99,99,99
per_068,per_121,4,99,99,99
per_068,per_122,4,99,99,99
per_068,per_123,4,99,99,99
per_068,per_124,4,99,99,99
per_068,per_125,4,99,99,99
per_068,per_126,4,99,99,99
per_068,per_127,4,99,99,99
per_068,per_128,4,99,99,99
per_002,inst002,1,1964,1964,99
per_002,inst005,1,1967,1967,99
per_002,inst006,1,99,99,99
per_002,inst003,1,1969,1969,99
per_028,inst014,1,1979-1980,1979-1980,99
per_028,inst048,1,2004,2004,99
per_028,inst049,1,2001,2001,99
per_027,inst048,1,1976-1989,1976-1989,99
per_027,inst049,1,1989-2001,1989-2001,99
per_045,inst024,1,1966-2003,1966-2003,99
per_045,inst041,1,1973-nowadays ,1973-nowadays ,99
per_037,inst059,1,99,99,99
per_037,inst060,1,1985,1985,99
per_037,inst054,1,1994-2004,1994-2004,99
per_079,inst062,1,1968,1968,99
per_079,inst064,1,1970s,1970s,99
per_080,inst079,1,1976-2010,1976-2010,99
per_080,inst080,1,1992-2010,1992-2010,99
per_080,inst081,1,1984-1994,1984-1994,99
per_031,inst083,1,1967-1975,1967-1975,99
per_031,inst097,1,1975-1991,1975-1991,99
per_031,inst096,1,2004,2004,99
per_031,inst059,1,1997-1999,1997-1999,99
per_031,inst038,1,1985-1997,1985-1997,99
per_102,inst101,1,1965-1966,1965-1966,99
per_102,inst103,1,1975-1979,1975-1979,99
per_102,inst104,1,1979-1986,1979-1986,99
per_102,inst106,1,1986-1989,1986-1989,99
per_102,inst107,1,around 1990s,around 1990s,99
per_102,inst102,1,1997-2002,1997-2002,99
per_102,inst109,1,2002-2010,2002-2010,99
per_110,inst110,1,1970s-today???,1970s-today???,99
per_110,inst111,1,1975-2001??,1975-2001??,99
per_115,inst119,1,1979-2014,1979-2014,99
per_068,inst126,1,1985,1985,99
per_068,inst121,1,1988-2000,1988-2000,99
per_068,inst137,1,1996-1998,1996-1998,99
per_068,inst138,1,1998-2009,1998-2009,99
per_068,inst139,1,99,99,99
per_068,inst140,1,99,99,99
per_002,pers_003,2,99,99,99
per_002,pers_004,2,99,99,99
per_002,pers_005,2,99,99,99
per_002,pers_006,2,99,99,99
per_002,pers_007,2,99,99,99
per_002,pers_008,2,99,99,99
per_002,pers_009,2,99,99,99
per_028,inst_019,2,99,99,99
per_028,per_029,2,99,99,99
per_028,per_035,2,99,99,99
per_027,inst_017,2,99,99,99
per_027,inst_018,2,99,99,99
per_027,inst_020,2,99,99,99
per_027,inst_021,2,99,99,99
per_027,per_029,2,99,99,99
per_027,per_030,2,99,99,99
per_027,per_031,2,99,99,99
per_037,pers_025,2,99,99,99
per_079,per_053,2,99,99,99
per_080,per_081,2,99,99,99
per_080,per_083,2,99,99,99
per_080,per_087,2,99,99,99
per_080,per_091,2,99,99,99
per_080,per_025,2,99,99,99
per_031,per_093,2,99,99,99
per_031,per_051,2,99,99,99
per_031,per_055,2,99,99,99
per_031,per_094,2,99,99,99
per_031,per_095,2,99,99,99
per_031,per_039,2,99,99,99
per_102,per_103,2,99,99,99
per_102,per_107,2,99,99,99
per_102,per_108,2,99,99,99
per_102,per_109,2,99,99,99
per_110,per_111,2,99,99,99
per_110,inst115,2,99,99,99
per_068,per_031,2,99,99,99
per_068,per_097,2,99,99,99
per_068,inst123,2,99,99,99
per_068,inst141,2,99,99,99
per_002,eq001,8,99,99,99
per_002,eq002,8,99,99,99
per_002,eq003,8,99,99,99
per_002,eq004,8,99,99,99
per_002,eq005,8,99,99,99
per_028,eq001,8,99,99,99
per_045,eq001,8,99,99,99
per_045,eq002,8,99,99,99
per_045,eq003,8,99,99,99
per_037,eq001,8,99,99,99
per_079,eq001,8,99,99,99
per_079,eq002,8,99,99,99
per_080,eq001,8,99,99,99
per_031,eq001,8,99,99,99
per_031,eq002,8,99,99,99
per_102,eq001,8,99,99,99
per_102,eq002,8,99,99,99
per_110,eq001,8,99,99,99
per_110,eq002,8,99,99,99
per_110,eq003,8,99,99,99
per_110,eq004,8,99,99,99
per_110,eq005,8,99,99,99
per_115,eq001,8,99,99,99
per_068,eq001,8,99,99,99
per_068,eq002,8,99,99,99
inst001,inst002,3,99,99,99
inst008,inst007,3,99,99,99
inst010,inst008,3,99,99,99
inst016,inst014,3,99,99,99
inst024,inst027,3,99,99,99
inst025,inst027,3,99,99,99
inst030,inst027,3,99,99,99
inst049,inst048,3,99,99,99
inst050,inst060,3,99,99,99
inst051,inst060,3,99,99,99
inst056,inst060,3,99,99,99
inst063,inst024,3,99,99,99
inst066,inst052,3,99,99,99
inst069,inst068,3,99,99,99
inst071,inst072,3,99,99,99
inst074,inst075,3,99,99,99
inst076,inst086,3,99,99,99
inst080,inst072,3,99,99,99
inst081,inst082,3,99,99,99
inst097,inst086,3,99,99,99
inst098,inst099,3,99,99,99
inst098,inst053,3,99,99,99
inst100,inst065,3,99,99,99
inst104,inst103,3,99,99,99
inst126,inst053,3,99,99,99
inst001,per002,6,99,99,99
inst002,per002,6,99,99,99
inst003,per002,6,99,99,99
inst004,per002,6,99,99,99
inst005,per002,6,99,99,99
inst006,per002,6,99,99,99
inst007,per002,6,99,99,99
inst008,per002,6,99,99,99
inst009,per002,6,99,99,99
inst010,per002,6,99,99,99
inst011,per002,6,99,99,99
inst012,per002,6,99,99,99
inst013,per002,6,99,99,99
inst014,per027,6,99,99,99
inst015,per027,6,99,99,99
inst016,per027,6,99,99,99
inst017,per027,6,99,99,99
inst018,per027,6,99,99,99
inst019,per028,6,99,99,99
inst020,per027,6,99,99,99
inst021,per027,6,99,99,99
inst022,per027,6,99,99,99
inst022,per068,6,99,99,99
inst023,per027,6,99,99,99
inst024,per045,6,99,99,99
inst025,per045,6,99,99,99
inst026,per045,6,99,99,99
inst027,per045,6,99,99,99
inst028,per045,6,99,99,99
inst029,per045,6,99,99,99
inst030,per045,6,99,99,99
inst031,per045,6,99,99,99
inst032,per045,6,99,99,99
inst033,per045,6,99,99,99
inst034,per045,6,99,99,99
inst035,per045,6,99,99,99
inst036,per045,6,99,99,99
inst037,per045,6,99,99,99
inst038,per045,6,99,99,99
inst039,per045,6,99,99,99
inst040,per045,6,99,99,99
inst041,per045,6,99,99,99
inst042,per045,6,99,99,99
inst043,per045,6,99,99,99
inst044,per045,6,99,99,99
inst045,per045,6,99,99,99
inst046,per045,6,99,99,99
inst047,per045,6,99,99,99
inst050,per037,6,99,99,99
inst051,per037,6,99,99,99
inst052,per037,6,99,99,99
inst053,per031,6,99,99,99
inst054,per037,6,99,99,99
inst055,per037,6,99,99,99
inst056,per037,6,99,99,99
inst057,per037,6,99,99,99
inst058,per037,6,99,99,99
inst059,per021,6,99,99,99
inst060,per021,6,99,99,99
inst060,per110,6,99,99,99
inst060,per068,6,99,99,99
inst061,per021,6,99,99,99
inst062,per012,6,99,99,99
inst063,per012,6,99,99,99
inst064,per012,6,99,99,99
inst065,per012,6,99,99,99
inst065,per102,6,99,99,99
inst066,per002,6,99,99,99
inst067,per002,6,99,99,99
inst068,per002,6,99,99,99
inst069,per002,6,99,99,99
inst070,per080,6,99,99,99
inst071,per080,6,99,99,99
inst072,per080,6,99,99,99
inst073,per080,6,99,99,99
inst074,per080,6,99,99,99
inst075,per080,6,99,99,99
inst076,per080,6,99,99,99
inst077,per080,6,99,99,99
inst078,per080,6,99,99,99
inst079,per080,6,99,99,99
inst080,per080,6,99,99,99
inst081,per080,6,99,99,99
inst082,per080,6,99,99,99
inst083,per031,6,99,99,99
inst084,per031,6,99,99,99
inst085,per031,6,99,99,99
inst086,per031,6,99,99,99
inst087,per031,6,99,99,99
inst088,per031,6,99,99,99
inst089,per031,6,99,99,99
inst090,per031,6,99,99,99
inst091,per031,6,99,99,99
inst091,per115,6,99,99,99
inst092,per031,6,99,99,99
inst093,per031,6,99,99,99
inst094,per031,6,99,99,99
inst095,per031,6,99,99,99
inst096,per031,6,99,99,99
inst097,per031,6,99,99,99
inst098,per031,6,99,99,99
inst098,per037,6,99,99,99
inst099,per031,6,99,99,99
inst100,per102,6,99,99,99
inst101,per102,6,99,99,99
inst102,per102,6,99,99,99
inst103,per102,6,99,99,99
inst104,per102,6,99,99,99
inst105,per102,6,99,99,99
inst106,per102,6,99,99,99
inst107,per102,6,99,99,99
inst108,per102,6,99,99,99
inst109,per110,6,99,99,99
inst110,per110,6,99,99,99
inst111,per110,6,99,99,99
inst112,per110,6,99,99,99
inst113,per110,6,99,99,99
inst114,per110,6,99,99,99
inst114,per115,6,99,99,99
inst115,per110,6,99,99,99
inst116,per110,6,99,99,99
inst117,per110,6,99,99,99
inst118,per110,6,99,99,99
inst119,per115,6,99,99,99
inst120,per115,6,99,99,99
inst121,per115,6,99,99,99
inst121,per068,6,99,99,99
inst122,per115,6,99,99,99
inst123,per068,6,99,99,99
inst124,per068,6,99,99,99
inst125,per068,6,99,99,99
inst126,per068,6,99,99,99
inst127,per068,6,99,99,99
inst128,per068,6,99,99,99
inst129,per068,6,99,99,99
inst130,per068,6,99,99,99
inst131,per068,6,99,99,99
inst132,per068,6,99,99,99
inst133,per068,6,99,99,99
inst134,per068,6,99,99,99
inst135,per068,6,99,99,99
inst136,per068,6,99,99,99
inst137,per068,6,99,99,99
inst138,per068,6,99,99,99
inst139,per068,6,99,99,99
inst140,per068,6,99,99,99
inst141,per068,6,99,99,99
per_001,per_002,7,99,99,99
per_025,per_028,7,99,99,99
per_025,per_027,7,99,99,99
per_001,per_045,7,99,99,99
per_001,per_037,7,99,99,99
per_001,per_079,7,99,99,99
per_001,per_080,7,99,99,99
per_001,per_031,7,99,99,99
per_001,per_102,7,99,99,99
per_001,per_110,7,99,99,99
per_001,per_115,7,99,99,99
per_001,per_068,7,99,99,99
per_002,met001,9,99,99,99
per_002,met002,9,99,99,99
per_028,met001,9,99,99,99
per_027,met001,9,99,99,99
per_045,met001,9,99,99,99
per_037,met001,9,99,99,99
per_037,met002,9,99,99,99
per_079,met001,9,99,99,99
per_079,met002,9,99,99,99
per_031,met001,9,99,99,99
per_102,met002,9,99,99,99
per_110,met001,9,99,99,99
per_110,met002,9,99,99,99
per_068,met002,9,99,99,99
per002,per010,12,1960,1960,99
per_002,inst003,12,1960.0,1960.0,99
per_002,inst014,12,1960.0,1960.0,99
per_045,inst140,12,1960.0,1960.0,99
per_037,inst061,12,1970.0,1970.0,99
per_079,inst065,12,1960.0,1960.0,99
per_031,inst083,12,99,99,99
per_102,inst100,12,1960.0,1960.0,99
per_002,disc001,14,99,99,99
per_002,disc002,14,99,99,99
per_003,disc003,14,99,99,99
per_004,disc004,14,99,99,99
per_004,disc005,14,99,99,99
per_005,disc006,14,99,99,99
per_006,disc007,14,99,99,99
per_007,disc008,14,99,99,99
per_008,disc009,14,99,99,99
per_009,disc010,14,99,99,99
per_010,disc011,14,99,99,99
per_012,disc012,14,99,99,99
per_014,disc013,14,99,99,99
per_016,disc014,14,99,99,99
per_017,disc015,14,99,99,99
per_017,disc016,14,99,99,99
per_018,disc017,14,99,99,99
per_025,disc018,14,99,99,99
per_026,disc019,14,99,99,99
per_027,disc020,14,99,99,99
per_027,disc021,14,99,99,99
per_028,disc022,14,99,99,99
per_028,disc023,14,99,99,99
per_029,disc024,14,99,99,99
per_030,disc025,14,99,99,99
per_032,disc026,14,99,99,99
per_035,disc027,14,99,99,99
per_035,disc028,14,99,99,99
per_036,disc029,14,99,99,99
per_037,disc030,14,99,99,99
per_037,disc031,14,99,99,99
per_039,disc032,14,99,99,99
per_039,disc033,14,99,99,99
per_041,disc034,14,99,99,99
per_043,disc035,14,99,99,99
per_045,disc036,14,99,99,99
per_045,disc037,14,99,99,99
per_049,disc038,14,99,99,99
per_049,disc039,14,99,99,99
per_068,disc040,14,99,99,99
per_079,disc041,14,99,99,99
per_079,disc042,14,99,99,99
per_080,disc043,14,99,99,99
per_080,disc044,14,99,99,99
per_081,disc045,14,99,99,99
per_081,disc046,14,99,99,99
per_082,disc047,14,99,99,99
per_083,disc048,14,99,99,99
per_083,disc049,14,99,99,99
per_084,disc050,14,99,99,99
per_087,disc051,14,99,99,99
per_088,disc052,14,99,99,99
per_089,disc053,14,99,99,99
per_092,disc054,14,99,99,99
per_093,disc055,14,99,99,99
per_094,disc056,14,99,99,99
per_094,disc057,14,99,99,99
per_095,disc058,14,99,99,99
per_099,disc059,14,99,99,99
per_100,disc060,14,99,99,99
per_101,disc061,14,99,99,99
per_102,disc062,14,99,99,99
per_102,disc063,14,99,99,99
per_103,disc064,14,99,99,99
per_107,disc065,14,99,99,99
per_110,disc066,14,99,99,99
per_110,disc067,14,99,99,99
per_115,disc068,14,99,99,99
per_117,disc069,14,99,99,99
per_118,disc070,14,99,99,99
per_119,disc071,14,99,99,99
per_119,disc072,14,99,99,99
per_120,disc073,14,99,99,99
per_120,disc074,14,99,99,99
per_122,disc075,14,99,99,99
per_126,disc076,14,99,99,99
per_127,disc077,14,99,99,99
per_128,disc078,14,99,99,99
per_002,soft001,10,99,99,99
per_002,soft002,10,99,99,99
per_002,soft003,10,99,99,99
per_002,soft004,10,99,99,99
per_002,soft005,10,99,99,99
per_002,soft006,10,99,99,99
per_028,soft001,10,99,99,99
per_045,soft001,10,99,99,99
per_045,soft002,10,99,99,99
per_045,soft003,10,99,99,99
per_045,soft004,10,99,99,99
per_037,soft001,10,99,99,99
per_080,soft001,10,99,99,99
per_080,soft002,10,99,99,99
per_031,soft001,10,99,99,99
per_031,soft002,10,99,99,99
per_031,soft003,10,99,99,99
per_031,soft004,10,99,99,99
per_102,soft002,10,99,99,99
per_102,soft003,10,99,99,99
per_110,soft002,10,99,99,99
per_110,soft003,10,99,99,99
per_110,soft004,10,99,99,99
per_068,soft001,10,99,99,99
per_068,soft002,10,99,99,99
per_068,soft003,10,99,99,99
per_002,firstContact_002,13,1964,1964,99
per_028,firstContact_028,13,1980,1980,99
per_027,firstContact_027,13,1979,1979,99
per_045,firstContact_045,13,1966,1966,99
per_037,firstContact_037,13,1978,1978,99
per_079,firstContact_079,13,1968,1968,99
per_080,firstContact_080,13,1950,1950,99
per_031,firstContact_031,13,1960,1960,99
per_102,firstContact_102,13,1960,1960,99
per_110,firstContact_110,13,late 1960s/1970,late 1960s/1970,99
per_115,firstContact_115,13,1979,1979,99
per_068,firstContact_068,13,summer 1967,summer 1967,99
per_002,non_dig_contact_002,15,99,99,0
per_028,non_dig_contact_028,15,99,99,-1
per_027,non_dig_contact_027,15,99,99,1
per_045,non_dig_contact_045,15,99,99,1
per_037,non_dig_contact_037,15,99,99,-1
per_079,non_dig_contact_079,15,99,99,-1
per_080,non_dig_contact_080,15,99,99,99
per_031,non_dig_contact_031,15,99,99,99
per_102,non_dig_contact_102,15,99,99,99
per_110,non_dig_contact_110,15,99,99,99
per_115,non_dig_contact_115,15,99,99,99
per_068,non_dig_contact_068,15,99,99,99
per_002,com_centre_help_002,16,99,99,99
per_028,com_centre_help_028,16,99,99,99
per_027,com_centre_help_027,16,99,99,99
per_045,com_centre_help_045,16,99,99,99
per_037,com_centre_help_037,16,99,99,1
per_079,com_centre_help_079,16,99,99,99
per_080,com_centre_help_080,16,99,99,1
per_031,com_centre_help_031,16,99,99,99
per_102,com_centre_help_102,16,99,99,99
per_110,com_centre_help_110,16,99,99,1
per_115,com_centre_help_115,16,99,99,99
per_068,com_centre_help_068,16,99,99,99
